bus,load_share
0,0.1334324022737451
1,0.037283530687218416
2,0.29767532631440613
3,0.1466764590569445
4,0.014767472575483219
5,0.18794421639904235
6,0.03334138534899111
7,0.06878357611492045
8,0.07878190314758904
9,0.0013137280816595926
