generator,accuracy
0,1.0
1,1.0
2,1.0
3,1.0
4,1.0
5,0.7638888888888888
6,0.8888888888888888
7,0.875
8,1.0
9,0.9166666666666666
