mode,n,feasible_rate,mean_solve_time,median_solve_time,mean_speedup,mean_cost_deviation,mean_pct_binaries_fixed
full_fix_feasible,25,0.0,,,,,1.0
full_milp,25,1.0,0.8512622540793382,0.8679363189730793,1.0,0.0,0.0
partial_fix_confident,25,0.72,0.18686487860511988,0.17337586398934945,5.22749361096887,0.0004661607018698344,0.7834567901234568
warm_start,25,1.0,0.8522518410347402,0.8533057409804314,0.9992224671850951,0.0,0.0
