mode,n,feasible_rate,mean_solve_time,median_solve_time,mean_speedup,mean_cost_deviation,mean_pct_binaries_fixed
full_fix_feasible,3,0.0,,,,,1.0
full_milp,3,1.0,0.08367116436905538,0.07836761104408652,1.0,0.0,0.0
partial_fix_confident,3,0.6666666666666666,0.02435011899797246,0.025526526966132224,3.438836767479501,-0.0003579416933283712,0.8166666666666668
warm_start,3,1.0,0.08065745531348512,0.07414473296375945,1.0327975581235531,0.0,0.0
