mode,n,feasible_rate,mean_solve_time,median_solve_time,mean_speedup,mean_cost_deviation,mean_pct_binaries_fixed
full_fix_feasible,25,0.0,,,,,1.0
full_milp,25,1.0,0.7507519654021598,0.7697674069786444,1.0,0.0,0.0
partial_fix_confident,25,0.88,0.16628404383780435,0.16008333902573213,4.76630971075498,0.000557465995128034,0.8095679012345678
warm_start,25,1.0,0.7524067557556555,0.7655507929739542,0.9961278379538407,0.0,0.0
