mode,n,feasible_rate,mean_solve_time,median_solve_time,mean_speedup,mean_cost_deviation,mean_pct_binaries_fixed
full_fix_feasible,3,0.0,,,,,1.0
full_milp,3,1.0,0.07796444765214498,0.07305985398124903,1.0,0.0,0.0
partial_fix_confident,3,0.3333333333333333,0.020962250981635105,0.019731512002181262,3.7836114543625463,0.0013210298099248137,0.8305555555555556
warm_start,3,1.0,0.07840031464972223,0.07009415398351848,0.9977184795085384,0.0,0.0
