{
  "loss": 0.12509875228771797,
  "bit_accuracy": 0.9518043684710351
}