generator,accuracy
0,1.0
1,1.0
2,1.0
3,1.0
4,1.0
5,0.7916666666666666
6,0.875
7,0.875
8,1.0
9,0.8611111111111112
