generator,accuracy
0,1.0
1,1.0
2,1.0
3,1.0
4,1.0
5,0.8194444444444444
6,0.8611111111111112
7,0.875
8,1.0
9,0.8888888888888888
