time,accuracy
0,0.9666666666666667
1,0.9666666666666667
2,1.0
3,1.0
4,0.9666666666666667
5,0.9333333333333333
6,0.9666666666666667
7,0.9666666666666667
8,0.9666666666666667
9,0.9
10,0.8333333333333334
11,0.9666666666666667
12,0.9666666666666667
13,0.9
14,1.0
15,1.0
16,0.9333333333333333
17,0.8666666666666667
18,0.9
19,0.9
20,0.9
21,0.9333333333333333
22,0.9666666666666667
23,0.9666666666666667
