mode,n,feasible_rate,mean_solve_time,median_solve_time,mean_speedup,mean_cost_deviation,mean_pct_binaries_fixed
full_fix_feasible,25,0.0,,,,,1.0
full_milp,25,1.0,0.7894280749931931,0.8036187889520079,1.0,0.0,0.0
partial_fix_confident,25,1.0,0.79123562048655,0.7724130869610235,1.0044994490785064,1.0370650118317423e-05,0.0021604938271604936
warm_start,25,1.0,0.7829205326549709,0.7934585009934381,1.0099321583172485,0.0,0.0
